Site,Ver,Period,R2,RMSE,MBE,MAE
ROOF 1.5m,V56,Overall,0.97,0.64,0.25,0.5
ROOF 1.5m,V56,Day,0.95,0.67,0.2,0.52
ROOF 1.5m,V56,Night,0.94,0.58,0.34,0.47
ROOF 1.5m,V59,Overall,0.97,0.58,0.12,0.46
ROOF 1.5m,V59,Day,0.96,0.63,0.03,0.49
ROOF 1.5m,V59,Night,0.96,0.49,0.26,0.4
NORTH 1.5m,V56,Overall,0.89,1.09,0.46,0.73
NORTH 1.5m,V56,Day,0.81,1.16,0.55,0.8
NORTH 1.5m,V56,Night,0.86,0.96,0.32,0.6
NORTH 1.5m,V59,Overall,0.91,0.99,0.37,0.66
NORTH 1.5m,V59,Day,0.86,1.01,0.41,0.72
NORTH 1.5m,V59,Night,0.87,0.94,0.31,0.56
SOUTH1 1.5m,V56,Overall,0.94,0.91,0.5,0.64
SOUTH1 1.5m,V56,Day,0.91,0.92,0.61,0.69
SOUTH1 1.5m,V56,Night,0.88,0.9,0.31,0.56
SOUTH1 1.5m,V59,Overall,0.96,0.75,0.32,0.51
SOUTH1 1.5m,V59,Day,0.95,0.72,0.36,0.51
SOUTH1 1.5m,V59,Night,0.9,0.8,0.26,0.49
SOUTH2 1.5m,V56,Overall,0.96,0.75,0.01,0.6
SOUTH2 1.5m,V56,Day,0.95,0.75,0.08,0.57
SOUTH2 1.5m,V56,Night,0.91,0.76,-0.1,0.65
SOUTH2 1.5m,V59,Overall,0.96,0.72,-0.18,0.58
SOUTH2 1.5m,V59,Day,0.95,0.73,-0.18,0.57
SOUTH2 1.5m,V59,Night,0.92,0.7,-0.18,0.6
NORTH 0.5m,V56,Overall,0.9,1.08,0.09,0.82
NORTH 0.5m,V56,Day,0.85,1.09,0.05,0.88
NORTH 0.5m,V56,Night,0.85,1.08,0.16,0.73
NORTH 0.5m,V59,Overall,0.91,1.03,0.0,0.78
NORTH 0.5m,V59,Day,0.87,1.0,-0.08,0.83
NORTH 0.5m,V59,Night,0.85,1.06,0.14,0.69
SOUTH1 0.5m,V56,Overall,0.95,0.85,0.41,0.6
SOUTH1 0.5m,V56,Day,0.94,0.82,0.5,0.6
SOUTH1 0.5m,V56,Night,0.88,0.9,0.25,0.58
SOUTH1 0.5m,V59,Overall,0.96,0.72,0.23,0.48
SOUTH1 0.5m,V59,Day,0.96,0.66,0.26,0.46
SOUTH1 0.5m,V59,Night,0.91,0.8,0.19,0.52
SOUTH2 0.5m,V56,Overall,0.95,0.82,-0.1,0.69
SOUTH2 0.5m,V56,Day,0.93,0.81,0.0,0.63
SOUTH2 0.5m,V56,Night,0.89,0.84,-0.28,0.78
SOUTH2 0.5m,V59,Overall,0.95,0.8,-0.3,0.67
SOUTH2 0.5m,V59,Day,0.94,0.8,-0.26,0.64
SOUTH2 0.5m,V59,Night,0.9,0.8,-0.37,0.73
